{
    "name": "battatech_excelexport",
    "title": "Export to Excel",
    "description": "Exports table, grid and date to excel sheet format.",
    "keywords": [
        "jquery"
		, "excel"
		, "export"
    ],
    "version": "2.1.2",
    "author": {
        "name": "Tarun Batta",
        "url": "http://battatech.com/"
    },
    "licenses": [
        {
            "type": "BattaTech",
            "url": "https://github.com/battatech/battatech_excelexport/blob/master/LICENSE.txt"
        }
    ],
    "bugs": "https://github.com/battatech/battatech_excelexport/issues",
    "homepage": "http://battatech.com/blog/how-to-export-to-excel-sheet-on-client-side",
    "docs": "http://battatech.com/blog/how-to-export-to-excel-sheet-on-client-side",
    "download": "https://github.com/battatech/battatech_excelexport",
    "dependencies": {
        "jquery": ">=2.1.1"
    }
}